index,P,C,A,G,S,T,N,D,Q,E,H,K,R,Y,F,W,L,M,V,I
P,0,0,0,0,0,0,0,0,0,0,0,0,0,-0.3,-0.3,-0.3,0,0,0,0
C,0,0,0,0,0.2,0.2,0.2,0.2,0,0,0,0,0,0.1,0.1,0.1,0.2,0.2,0.2,0.2
A,0,0,0,0,0,0,0,0,0,0,0,0,0,0,0,0,-0.1,0,-0.05,-0.1
G,0,0,0,0,0.2,0.2,0.2,0.2,0,0,0,0.1,0.1,0.15,0.15,0.15,0.3,0.3,0.3,0.3
S,0,0.3,0,0,0.2,0.2,0.2,0.2,0,0,0.4,0,0,0.1,0.1,0.1,0.2,0.2,0.2,0.2
T,0,0.3,0,0,0.2,0.2,0.2,0.2,0,0,0.4,0,0,0,0,0,0,0,0,0
N,0,0.3,0,0,0.2,0.2,0.2,0.2,0,0,0,0,0,0,0,0,0,0,0,0
D,0,0,0,0,0,0,0.2,0.2,0,0.1,-0.2,-0.25,-0.34,0.2,0.2,0.2,0,0,0,0
Q,0,0,0,0,-0.3,-0.1,-0.3,-0.6,0,-0.25,-0.05,-0.1,-0.1,-0.2,-0.2,-0.2,0,0,0,0
E,0,0,0,0,-0.05,-0.05,-0.3,0.1,0,0.2,-0.4,-0.33,-0.4,0,0,0,0,0,0,0
H,0,0,0,0,0,0,0,-0.2,-0.15,-0.2,0.15,0.15,0.15,-0.4,-0.4,-0.4,-0.1,-0.1,0.1,-0.1
K,0,0,0,0,0,0,0,-0.3,0,-0.3,0.2,0.2,0.25,-0.4,-0.2,-0.2,-0.15,-0.1,-0.15,-0.15
R,0,0,0,0,0,0,0,-0.3,-0.1,-0.3,0.2,0.25,0.25,-0.4,-0.2,-0.2,-0.15,-0.1,-0.15,-0.15
Y,0,0,0,0,0.1,-0.1,0.1,0.1,-0.3,-0.2,-1.1,-0.2,-0.2,-0.35,-0.35,-0.45,-0.35,-0.4,-0.25,-0.35
F,0,0,0,0,0.1,-0.1,0.1,0.1,-0.3,-0.2,-0.9,0,0,-0.25,-0.25,-0.35,-0.35,-0.4,-0.25,-0.35
W,0,0,0,0,0.1,-0.1,0.1,0.1,-0.3,-0.2,-1.3,0,0,-0.45,-0.45,-0.45,-0.3,-0.4,-0.25,-0.3
L,0,0,0,0,0.4,0.1,0.4,0.5,0,0.15,0.2,0.2,0.2,-0.1,-0.1,-0.1,-0.2,-0.2,-0.3,-0.25
M,0,0,0,0,0.2,0.1,0.2,0.5,0,-0.1,0.2,0.2,0.2,-0.2,-0.2,-0.3,-0.2,-0.2,-0.4,-0.3
V,0,0,0,0,0.3,0.1,0.3,0.5,0,0,0,-0.15,-0.15,-0.15,-0.15,-0.15,-0.25,-0.2,-0.25,-0.25
I,0,0,0,0,0.4,0.1,0.4,0.5,0,0.1,0.2,0.2,0.2,-0.1,-0.1,-0.1,-0.25,-0.25,-0.3,-0.3